{"duration": 0.12230849266052246, "input_args": {"city": "'New York'"}, "time": 1698405939.7620518}