{"duration": 0.11553144454956055, "input_args": {"city": "'Tokyo'"}, "time": 1698405939.9005587}