{"duration": 0.15493130683898926, "input_args": {"city": "'Paris'"}, "time": 1698405939.6178102}